Date,Oil Index
2015-05-07,98.14323617382809
2015-05-08,98.18683026540494
2015-05-11,98.3694860377022
2015-05-12,99.4895242537649
2015-05-13,99.81373721655542
2015-05-14,99.75769102498589
2015-05-15,99.2571282194852
2015-05-19,96.652149929259
2015-05-20,97.28084582987445
2015-05-21,98.85866200268879
2015-05-22,97.45088685204153
2015-05-26,97.09773715303
2015-05-27,95.98198875653216
2015-05-28,96.52499336739628
2015-05-29,99.55212890548377
2015-06-01,100.93871637064771
2015-06-02,101.58259046963651
2015-06-03,100.57863900006254
2015-06-04,99.42212587435888
2015-06-05,100.50580539449963
2015-06-08,99.68407419125296
2015-06-09,100.97969318355315
2015-06-10,101.4572467722777
2015-06-11,100.75996597706336
2015-06-12,99.63496572774056
2015-06-15,98.53352160163249
2015-06-16,99.55591405634374
2015-06-17,99.83167573582402
2015-06-18,99.245766564636
2015-06-19,98.57987930966331
2015-06-22,98.86276310830019
2015-06-23,99.72209468721272
2015-06-24,100.02849080848455
2015-06-25,99.58963300953415
2015-06-26,99.66841399300608
2015-06-29,98.66207159543134
2015-06-30,99.8839546935087
2015-07-02,98.9263132248849
2015-07-06,94.32673593476028
2015-07-07,92.90844821652495
2015-07-08,92.33927058096168
2015-07-09,94.36802101544686
2015-07-10,94.52152384287072
2015-07-13,94.25090717425378
2015-07-14,94.3133497390662
2015-07-15,92.66335619367199
2015-07-16,92.31999576533462
2015-07-20,91.69767155589338
2015-07-21,92.3593897187655
2015-07-22,91.34070687619842
2015-07-23,90.43204848859375
2015-07-24,89.31055234848253
2015-07-27,87.63585943034937
2015-07-28,88.13783558759367
2015-07-29,88.02687346886273
2015-07-30,88.11538747366279
2015-07-31,87.03958569895374
2015-08-04,84.93608425090132
2015-08-05,84.20042986523497
2015-08-06,83.88792009516179
2015-08-07,83.62281948374172
2015-08-10,84.99519926096026
2015-08-11,83.61068186628923
2015-08-12,82.52622281351702
2015-08-13,82.41761525091303
2015-08-14,82.41460746137993
2015-08-17,82.40933707652704
2015-08-18,82.23669401474048
2015-08-19,80.40317798739356
2015-08-20,80.06581980642541
2015-08-21,78.65441410875536
2015-08-24,75.5239579226316
2015-08-25,76.17055802030161
2015-08-26,74.9393603031932
2015-08-27,79.27335848526343
2015-08-28,82.87542473232503
2015-09-01,82.64175787948216
2015-09-02,82.49950172619965
2015-09-03,83.5415728157509
2015-09-04,82.52785543440287
2015-09-08,83.31133065234836
2015-09-09,82.01242362046465
2015-09-10,83.6338363684783
2015-09-11,82.62829181628089
2015-09-14,82.3901320360219
2015-09-15,81.88954383130155
2015-09-17,83.64986187040961
2015-09-18,81.62966185666622
2015-09-21,83.54638794901646
2015-09-22,83.2480606772626
2015-09-23,83.32735571363857
2015-09-25,85.73394244295353
2015-09-28,84.74685405014137
2015-09-29,86.21131926751644
2015-09-30,85.3334747996959
2015-10-01,85.27611283795532
2015-10-02,85.61010928519805
2015-10-05,87.3620759307534
2015-10-06,89.04245973749987
2015-10-07,87.99505259997753
2015-10-08,88.43283635146857
2015-10-09,87.84287698258315
2015-10-13,86.55482406518308
2015-10-15,85.71897876858755
2015-10-16,86.92347299660906
2015-10-19,85.11050411308835
2015-10-20,85.61005893563527
2015-10-21,86.0022888448904
2015-10-22,85.99151506595769
2015-10-23,85.16257472152358
2015-10-26,83.71787148669443
2015-10-27,83.42718272321316
2015-10-28,85.92749674489535
2015-10-29,85.97697122722788
2015-10-30,86.60939133615805
2015-11-02,85.70010281899532
2015-11-03,87.23108509971397
2015-11-04,86.58116457691928
2015-11-05,85.29346201699556
2015-11-06,84.69772372999662
2015-11-09,84.78749356091195
2015-11-12,82.07770940553779
2015-11-13,80.66324298517983
2015-11-16,81.42899714967862
2015-11-17,80.91026369876725
2015-11-18,81.27028805672907
2015-11-19,81.18722869275825
2015-11-20,81.33816983448983
2015-11-23,81.98164862617317
2015-11-24,83.07078096065203
2015-11-25,83.57819538396981
2015-11-27,82.80798299677625
2015-11-30,82.80609664927964
2015-12-01,82.78719015175444
2015-12-02,81.32433458040002
2015-12-03,82.78588831621279
2015-12-04,82.66733331913912
2015-12-07,80.50014001902636
2015-12-08,79.98560563163278
2015-12-09,79.33309923107386
2015-12-10,79.3412290528887
2015-12-11,78.00854013598038
2015-12-14,77.77930725249412
2015-12-15,77.96688936266611
2015-12-16,76.93244891636506
2015-12-17,76.30783957909092
2015-12-18,76.750423012287
2015-12-21,76.65270565944418
2015-12-22,77.24212395935413
2015-12-23,78.58420662390937
2015-12-29,79.0810587251655
2015-12-30,77.97495048429693
2015-12-31,78.05953491858351
2016-01-04,77.29163672999961
2016-01-05,76.73584602278302
2016-01-06,74.6093225359899
2016-01-07,73.80024766101629
2016-01-08,73.25255651321254
2016-01-11,71.00825646289829
2016-01-12,70.21940046086716
2016-01-13,70.32957592828822
2016-01-14,70.91102724326045
2016-01-15,69.26036649366434
2016-01-19,69.14490237435058
2016-01-20,66.85773945765622
2016-01-21,69.0953580473706
2016-01-22,72.86695112957668
2016-01-26,72.5140667443158
2016-01-27,74.02314119584221
2016-01-28,74.97453030555259
2016-01-29,75.15898345230816
2016-02-02,72.83710656987246
2016-02-03,75.59335893147365
2016-02-04,75.30562390813223
2016-02-05,74.92420354105019
2016-02-10,70.8721176283351
2016-02-11,70.4396361205136
2016-02-12,74.99238139833759
2016-02-16,73.7133871767545
2016-02-17,76.2106146224945
2016-02-18,76.02048458804953
2016-02-19,74.31743831337158
2016-02-22,76.10648827508277
2016-02-23,74.68373783577223
2016-02-24,75.17496927615127
2016-02-25,75.9149432094006
2016-02-26,76.48311009608574
2016-02-29,77.09078561621541
2016-03-01,77.40753383171331
2016-03-02,77.50080068235143
2016-03-03,77.68333986256117
2016-03-04,79.27436777749767
2016-03-07,81.84367696872545
2016-03-08,80.89230612405524
2016-03-09,82.71874913555025
2016-03-10,82.17678435948056
2016-03-11,83.38766334930186
2016-03-14,82.27494084392006
2016-03-15,81.74447879466126
2016-03-16,83.84509217602731
2016-03-17,85.90323945144462
2016-03-18,85.66154380856399
2016-03-21,86.024008434449
2016-03-22,87.27339241937256
2016-03-23,85.37278538990195
2016-03-24,84.90538499163239
2016-03-28,85.47756245023632
2016-03-29,84.62739352138115
2016-03-30,84.58114381483695
2016-03-31,84.9089074306322
2016-04-01,83.63147564143843
2016-04-04,82.851328669227
2016-04-05,82.14827534218617
2016-04-06,84.12788440582605
2016-04-07,83.41642101683804
2016-04-08,86.13196156152814
2016-04-11,86.76917708346201
2016-04-12,87.79871814499703
2016-04-13,88.35072315548562
2016-04-14,87.9777245718102
2016-04-15,86.58477688945592
2016-04-18,86.9382848119431
2016-04-19,88.76105095970736
2016-04-20,90.48219356783412
2016-04-21,90.50094586547918
2016-04-22,90.47078141828689
2016-04-25,89.51606105079819
2016-04-26,90.87799251790734
2016-04-27,91.58447457200255
2016-04-28,91.99207074314567
2016-04-29,91.75630868986639
2016-05-03,88.39568569648016
2016-05-04,88.96727770659749
2016-05-05,89.44230165359946
2016-05-06,90.29409816566137
2016-05-09,88.8680588487634
2016-05-10,90.93159933001597
2016-05-11,92.77706281690674
2016-05-12,92.3931009395271
2016-05-13,91.85110386341837
2016-05-16,93.4750140307698
2016-05-17,94.1062920295939
2016-05-18,93.70196368249705
2016-05-19,92.63522863248326
2016-05-20,92.54864877042357
2016-05-24,92.47786428045616
2016-05-25,93.91566122005331
2016-05-26,93.85447390104154
2016-05-27,93.73355062701518
2016-05-31,94.589933590745
2016-06-01,94.42954432359652
2016-06-02,95.23559612580472
2016-06-03,94.81240966774385
2016-06-06,95.70960887882003
2016-06-07,95.94591331449695
2016-06-08,97.17093997534735
2016-06-09,96.64034733879382
2016-06-10,95.42674272043806
2016-06-13,94.56600202454325
2016-06-14,93.59046493423226
2016-06-15,92.57376986733902
2016-06-16,89.76678254880558
2016-06-17,92.08969006870676
2016-06-20,92.8035599542175
2016-06-21,91.87524084392092
2016-06-23,92.62837240831765
2016-06-24,89.96303044610376
2016-06-27,88.92902569222593
2016-06-28,90.14996259012041
2016-06-29,91.57525755938472
2016-06-30,91.2257334430645
2016-07-05,89.0786960485558
2016-07-08,86.39712629930013
2016-07-11,85.99680418175203
2016-07-12,87.33916231473255
2016-07-13,86.15887939587577
2016-07-14,87.52280835772028
2016-07-15,87.80114793384148
2016-07-18,87.05934187184306
2016-07-19,86.91934962615412
2016-07-20,87.72342326063267
2016-07-21,87.4020803090798
2016-07-22,85.78088032055933
2016-07-25,83.92300627060119
2016-07-26,84.28965674371373
2016-07-27,83.48917087144594
2016-07-28,82.47258443656959
2016-07-29,83.09668155888791
2016-08-02,81.62831805051603
2016-08-03,83.52748293478844
2016-08-04,84.8460714758166
2016-08-05,84.68618965181993
2016-08-08,86.41521805675846
2016-08-09,86.69001976608321
2016-08-10,86.2361698945143
2016-08-11,87.64980497885891
2016-08-12,89.62626504522775
2016-08-15,92.53940923101027
2016-08-16,92.68451373510041
2016-08-17,94.28615652526706
2016-08-18,95.04453486718225
2016-08-19,95.13636702093613
2016-08-22,93.42828708411818
2016-08-23,94.5591315134816
2016-08-24,93.50027612439392
2016-08-25,93.25868276301597
2016-08-26,93.41847947764347
2016-08-29,92.32233503422322
2016-08-30,91.68808432104028
2016-09-01,88.60947622274867
2016-09-02,90.7165418247225
2016-09-06,91.23966378867163
2016-09-07,91.57849798825006
2016-09-08,93.79363292584658
2016-09-09,92.57306182991503
2016-09-13,90.4898931430781
2016-09-14,89.11042932161712
2016-09-15,90.15994763170421
2016-09-19,90.66588131452141
2016-09-20,91.60849319606683
2016-09-21,92.42702853208895
2016-09-22,94.14467553422806
2016-09-23,91.96679896747547
2016-09-26,93.29489755313276
2016-09-27,91.41850764411669
2016-09-28,92.77988722969539
2016-09-29,94.4028884080798
2016-09-30,94.7657147544517
2016-10-04,95.41743205831496
2016-10-05,95.90969336960886
2016-10-06,96.89217044979038
2016-10-07,96.3076718935919
2016-10-11,97.40098639865865
2016-10-12,97.34355702177162
2016-10-13,97.2514353518114
2016-10-14,98.08816592911602
2016-10-17,99.46678463333949
2016-10-18,99.07567944152369
2016-10-19,100.70633867351859
2016-10-20,99.1642578310822
2016-10-21,99.63173634853246
2016-10-24,100.78140862215766
2016-10-25,99.63826287910989
2016-10-26,99.35052633556487
2016-10-27,99.43768613628048
2016-10-28,98.92927525359055
2016-10-31,96.84217063988432
2016-11-01,95.98224929904363
2016-11-02,94.98092125537248
2016-11-03,94.66267221385833
2016-11-04,93.41353024340091
2016-11-07,94.36378377217015
2016-11-08,95.19680771005858
2016-11-09,94.90050875036127
2016-11-10,95.15303280813947
2016-11-14,92.81148878763472
2016-11-15,95.27865919523472
2016-11-16,95.4022754613884
2016-11-17,95.3688156962207
2016-11-18,95.734527921296
2016-11-21,98.66956796517174
2016-11-22,98.89012778427322
2016-11-23,100.35893057363484
2016-11-25,99.12470362805308
2016-11-28,100.47431313578376
2016-11-29,98.12134735873748
2016-11-30,102.58351719266416
2016-12-01,105.77003273564662
2016-12-02,106.18095638011144
2016-12-05,106.89580153709335
2016-12-06,106.49882916281538
2016-12-07,105.37017637040786
2016-12-08,105.39392244798249
2016-12-09,105.41897144516912
2016-12-13,107.06881735447249
2016-12-14,105.93934571796795
2016-12-15,106.09331112921384
2016-12-16,107.15991957212051
2016-12-19,106.78992813165296
2016-12-20,106.35530487520958
2016-12-21,106.1515127077976
2016-12-22,105.50114857614301
2016-12-23,105.2452071950289
2016-12-28,107.0940890616515
2016-12-29,106.54508062568917
2016-12-30,106.70586896159315
2017-01-03,105.97755136968196
2017-01-04,106.72243266319256
2017-01-05,106.65565849972877
2017-01-06,106.55407117494515
2017-01-09,105.36524924279287
2017-01-10,104.04268511985326
2017-01-11,105.9420907152182
2017-01-12,106.52950746552803
2017-01-13,105.97909431902137
2017-01-17,106.80377088767948
2017-01-18,105.62263259521019
2017-01-19,105.48058611131057
2017-01-20,106.27126990844936
2017-01-23,106.14663614926386
2017-01-24,107.04129532251613
2017-01-25,106.29485658088966
2017-01-26,106.71305606622757
2017-01-27,105.70219329978316
2017-01-31,105.11925292216102
2017-02-02,106.78084653390275
2017-02-03,106.3020562408219
2017-02-06,106.04238226898018
2017-02-07,105.35187615254695
2017-02-08,105.97668491664649
2017-02-10,106.93081004916259
2017-02-13,105.61546627483824
2017-02-14,106.04880494861997
2017-02-15,105.93945546295316
2017-02-16,104.50115126676343
2017-02-17,103.54032688345829
2017-02-21,103.5909143914681
2017-02-22,103.110226012589
2017-02-23,103.40755625329963
2017-02-24,103.18701516262519
2017-02-27,102.72647763725588
2017-02-28,103.40069842287443
2017-03-01,105.06268167267376
2017-03-02,103.72471756612538
2017-03-03,104.49398872463034
2017-03-06,104.6667949856035
2017-03-07,103.97440847797344
2017-03-08,101.90366742316439
2017-03-09,100.04106352469823
2017-03-10,98.58494962588392
2017-03-13,97.63556276770056
2017-03-14,97.21090075048946
2017-03-15,98.80082133133317
2017-03-16,98.49993077451045
2017-03-17,98.6121351018124
2017-03-20,98.47208054846783
2017-03-21,98.20920967872756
2017-03-22,98.51041862315103
2017-03-23,97.58388651032979
2017-03-24,96.98207258470613
2017-03-27,96.57574150677938
2017-03-28,97.56683897469942
2017-03-29,98.44198520337224
2017-03-30,98.35830260081855
2017-03-31,98.10372210442317
2017-04-03,98.04445354138103
2017-04-04,98.63647289207852
2017-04-05,99.8578241076174
2017-04-06,99.92860227011235
2017-04-07,100.13909425714166
2017-04-10,100.09741675195485
2017-04-11,100.36593377158876
2017-04-12,100.03606625369805
2017-04-13,100.05479089718166
2017-04-17,99.54892180044969
2017-04-18,98.59250128558344
2017-04-19,97.39160997010435
2017-04-20,97.67891557354245
2017-04-21,97.20041220029746
2017-04-25,96.46423180770043
2017-04-26,97.05590621669772
2017-04-27,96.06431295009693
2017-04-28,95.99380606069671
2017-05-02,95.75161795435628
2017-05-03,95.52779592249563
2017-05-04,93.56443488144642
2017-05-05,94.9179826726233
2017-05-08,95.16435360648497
2017-05-09,95.08096904226531
2017-05-11,96.92938236247095
2017-05-12,97.17123802994354
2017-05-15,98.66734529328461
2017-05-16,97.88339329193894
2017-05-17,98.79307544913962
2017-05-18,98.41619972343966
2017-05-19,99.83584182049448
2017-05-23,100.08824627883916
2017-05-24,99.62072890840692
2017-05-25,97.76578015430623
2017-05-26,97.24745825527872
2017-05-30,96.19495900336449
2017-05-31,94.75037558641816
2017-06-01,94.98573997830806
2017-06-02,93.98973820543442
2017-06-05,93.85068135371287
2017-06-06,94.34681879894656
2017-06-07,92.11568632752774
2017-06-08,92.22813079848552
2017-06-09,92.92052877979783
2017-06-13,92.9600569678092
2017-06-14,91.69196284837966
2017-06-15,92.3215598163369
2017-06-16,92.78638619474879
2017-06-19,92.37360101452248
2017-06-20,90.65932608484866
2017-06-21,89.59783407911681
2017-06-22,89.67742249713696
2017-06-23,89.93048012391586
2017-06-28,92.09562706053033
2017-06-29,92.99401598782383
2017-06-30,94.11887500629703
2017-07-05,94.93572220605775
2017-07-06,95.43579421870596
2017-07-07,93.80121167994663
2017-07-10,95.01400411076696
2017-07-11,95.44013666099274
2017-07-12,95.35104629423728
2017-07-13,95.51481012671029
2017-07-14,96.17721863669547
2017-07-17,94.76479532998827
2017-07-18,94.94205880355192
2017-07-19,96.00052642489793
2017-07-20,96.6954466759944
2017-07-21,95.36209580580477
2017-07-24,95.31029894429749
2017-07-25,97.28890104281524
2017-07-26,98.3969106304179
2017-07-27,99.41976257687327
2017-07-28,100.61338878677257
2017-07-31,101.14266763081206
2017-08-01,99.51131649781802
2017-08-02,100.13262029110932
2017-08-03,99.06921454631102
2017-08-04,99.50863909177679
2017-08-08,99.51348445902892
2017-08-09,100.10896240899953
2017-08-10,99.46964763994362
2017-08-11,99.69968401787558
2017-08-14,98.24181740088862
2017-08-15,97.39521556676027
2017-08-16,96.95999555233931
2017-08-17,97.70696421654537
2017-08-18,99.58383300914942
2017-08-21,99.07446435296993
2017-08-22,99.71983470992448
2017-08-23,100.78580922119968
2017-08-24,100.62288224136573
2017-08-25,100.4829826029219
2017-08-28,99.79931631824644
2017-08-29,99.36353988849909
2017-08-30,98.99773402800129
2017-09-05,102.45739973818048
2017-09-06,102.93458014258887
2017-09-07,103.28428846746111
2017-09-08,101.95907769201655
2017-09-11,102.42991677477788
2017-09-12,102.88552419359345
2017-09-13,104.1436644715024
2017-09-14,104.54748761837305
2017-09-15,104.59580558894783
2017-09-18,103.64305834835052
2017-09-19,103.3261662895943
2017-09-20,104.42292000184928
2017-09-21,104.01261981236642
2017-09-25,105.26443957822053
2017-09-26,104.99219707021277
2017-09-27,104.84487250620214
2017-09-28,103.8486032161667
2017-09-29,103.80083313112705
2017-10-02,102.05505060148919
2017-10-03,102.15791414060268
2017-10-04,102.52920632234768
2017-10-05,103.49945087933405
2017-10-06,102.05447360703717
2017-10-10,103.02909303682523
2017-10-11,103.24185975100717
2017-10-12,103.00787615053804
2017-10-13,104.4166907318844
2017-10-16,105.13908703094668
2017-10-17,104.89608294927564
2017-10-19,104.23681213520395
2017-10-20,104.96300292768746
2017-10-23,105.55801804796768
2017-10-24,105.7919167169701
2017-10-25,106.19032810719796
2017-10-26,106.96896604301693
2017-10-27,108.41289098129818
2017-10-30,108.68509930333008
2017-10-31,108.96874851835345
2017-11-01,108.92531021892206
2017-11-02,108.80974466507891
2017-11-03,109.39814798233132
2017-11-06,111.13433138765498
2017-11-07,111.04886858755272
2017-11-08,111.3720004165524
2017-11-09,111.49437764642632
2017-11-10,110.89555375515039
2017-11-14,108.35640735430867
2017-11-15,108.79001494121678
2017-11-16,108.57398742399333
2017-11-17,109.53088061286158
2017-11-20,107.87180175074931
2017-11-21,108.36349879118362
2017-11-22,109.27542877951912
2017-11-24,109.56245273858522
2017-11-27,108.59145940407555
2017-11-28,108.7390050594101
2017-11-29,107.98974039642053
2017-11-30,108.34387241425196
2017-12-04,107.53882677191187
2017-12-05,107.564249310189
2017-12-06,105.73345065568465
2017-12-07,106.11530708804813
2017-12-08,107.0338813711941
2017-12-11,107.50905037916627
2017-12-12,106.87272936071722
2017-12-13,105.85462525189762
2017-12-14,106.0599137598411
2017-12-15,106.96209336589327
2017-12-18,107.04064334758974
2017-12-19,107.36191639982091
2017-12-20,107.62091169762873
2017-12-21,107.10796507864784
2017-12-22,107.3729939967892
2017-12-27,109.5653355185435
2017-12-28,109.1507596882393
2017-12-29,109.57694407213042
2018-01-02,109.90742907991589
2018-01-03,112.01520447807165
2018-01-04,112.10083529031954
2018-01-05,111.75036537259872
2018-01-08,111.9827638280787
2018-01-09,112.6097554713317
2018-01-10,113.13642418891709
2018-01-11,112.41836605437324
2018-01-12,112.4815758343338
2018-01-16,111.89409951644684
2018-01-17,111.48385729947617
2018-01-18,111.22261077931842
2018-01-19,110.50110766070871
2018-01-22,111.02318316947621
2018-01-23,112.16624191281115
2018-01-24,113.13864219874941
2018-01-25,112.83584963384628
2018-01-26,113.13654459311948
2018-01-29,112.87753155140446
2018-01-30,112.12788113298244
2018-02-02,111.54727510837506
2018-02-05,111.04652137630498
2018-02-06,110.58972640142512
2018-02-07,109.04338420300857
2018-02-08,108.26950199513745
2018-02-09,106.63502157329899
2018-02-12,106.92554754504502
2018-02-13,106.33871109457206
2018-02-14,107.45431136744392
2018-02-15,107.81246905055686
2018-02-20,108.63270816597989
2018-02-21,108.87213666888944
2018-02-22,109.76853454951197
2018-02-23,111.03137897019448
2018-02-26,111.82926793606502
2018-02-27,110.92196200017486
2018-02-28,109.8850936775492
2018-03-01,108.71294531010558
2018-03-02,108.24410023415862
2018-03-05,109.20223700477261
2018-03-06,109.47852878932787
2018-03-07,107.89277209837671
2018-03-08,106.69389263935223
2018-03-09,107.46453965571176
2018-03-12,107.17280742517201
2018-03-13,107.51895371203466
2018-03-14,107.86158746062162
2018-03-15,108.44872249255675
2018-03-16,108.97149735527125
2018-03-19,108.98141828086484
2018-03-20,110.00584288333917
2018-03-21,112.15907640499458
2018-03-22,111.29015316073784
2018-03-23,111.8748220324501
2018-03-26,111.84044677003253
2018-03-27,111.91388091363433
2018-03-28,111.318054809561
2018-03-29,111.78088854895311
2018-04-02,110.96290353365521
2018-04-03,111.25474460947073
2018-04-04,110.91128587081126
2018-04-05,111.3114059023971
2018-04-06,110.57336916658116
2018-04-09,111.29336223560438
2018-04-10,112.84295582484145
2018-04-11,113.71179304658156
2018-04-12,113.78225376663238
2018-04-13,113.56473745219986
2018-04-16,112.06666953024119
2018-04-17,112.5472891125509
2018-04-18,114.22459091736322
2018-04-19,114.59370053012525
2018-04-20,114.54940034322514
2018-04-23,114.80021374699668
2018-04-24,114.25976872025483
2018-04-25,114.13197758329174
2018-04-26,114.40700380930097
2018-04-27,113.98915860891445
2018-04-30,113.97145660385235
2018-05-02,112.93698865763429
2018-05-03,112.94039754184972
2018-05-04,113.96921227989975
2018-05-07,115.48786836730933
2018-05-08,114.19268692095326
2018-05-14,117.31112941079438
2018-05-15,117.83926370136454
2018-05-16,117.41977125970683
2018-05-17,118.35999833857316
2018-05-18,118.15350911859215
2018-05-22,119.50960988275163
2018-05-23,119.49686315451962
2018-05-24,119.19443839625468
2018-05-25,116.54218561122423
2018-05-30,116.93864536053233
2018-05-31,116.21068386008812
2018-06-01,115.375760810259
2018-06-04,113.89168308537529
2018-06-05,113.81867749436844
2018-06-06,113.28464566730152
2018-06-07,114.35435589861854
2018-06-08,113.77475081820778
2018-06-11,113.84814203384497
2018-06-12,113.03312425706507
2018-06-13,113.12900307419498
2018-06-14,113.15351380132623
2018-06-18,111.73888693261635
2018-06-19,110.38966727276443
2018-06-20,111.01420032259807
2018-06-21,109.90644232498461
2018-06-22,112.24459305572138
2018-06-25,111.60963714867427
2018-06-26,112.64947411163458
2018-06-27,114.702330166391
2018-06-28,115.04081273793958
2018-06-29,115.99259966946104
2018-07-03,114.55505666038326
2018-07-05,113.81939117921907
2018-07-06,114.19724592037896
2018-07-09,114.45590033461058
2018-07-10,114.79776020040234
2018-07-11,110.588179627189
2018-07-12,110.43987598433796
2018-07-13,109.79995185021257
2018-07-16,107.8026999072178
2018-07-17,107.92775087417945
2018-07-18,109.08665309985442
2018-07-19,109.08007302334124
2018-07-20,109.81098381148445
2018-07-23,108.64613454676642
2018-07-24,109.08966359589935
2018-07-25,109.72227032346365
2018-07-26,110.48360442486327
2018-07-27,110.29310152077407
2018-07-30,110.7572432153437
2018-07-31,110.42300913303735
2018-08-01,109.16176342537338
2018-08-02,109.55149802825484
2018-08-03,109.6170690607795
2018-08-07,111.19816697464442
2018-08-08,109.93563728843303
2018-08-09,109.65064951127404
2018-08-10,109.70308044194613
2018-08-13,109.41417609654846
2018-08-14,109.3673649101891
2018-08-15,107.46885371605939
2018-08-16,108.51716463925985
2018-08-17,109.12656295748846
2018-08-20,109.78308115086881
2018-08-21,110.12487207256372
2018-08-23,110.3397444865257
2018-08-24,111.27697622514549
2018-08-27,111.25762915588152
2018-08-28,111.37436517525154
2018-08-29,111.77270658317585
2018-08-30,112.86375190706495
2018-09-04,113.75276380046006
2018-09-05,112.73095765308693
2018-09-06,111.89258610199728
2018-09-07,111.57786745712347
2018-09-12,112.78446391544705
2018-09-13,111.66309582784946
2018-09-14,111.45257116710448
2018-09-18,111.47040573340415
2018-09-19,111.63335321870751
2018-09-20,111.5030332571888
2018-09-21,111.85137131561318
2018-09-24,113.51637633018557
2018-09-25,114.32839285372557
2018-09-26,114.18429129263012
2018-09-27,114.53444461714201
2018-09-28,115.31677357422103
2018-10-01,116.67662994132708
2018-10-02,117.09503272586674
2018-10-03,118.46976965292359
2018-10-04,117.69845675350075
2018-10-05,117.34099040629174
2018-10-09,117.4799067108067
2018-10-10,115.91649779788385
2018-10-11,114.29792163515611
2018-10-12,114.51964924750244
2018-10-15,115.24448289296589
2018-10-16,115.94011378770377
2018-10-17,115.01747348153187
2018-10-18,113.80215171785643
2018-10-19,114.08199197029214
2018-10-22,114.24487727421291
2018-10-23,111.64084050060454
2018-10-24,111.22123330599456
2018-10-25,111.26822832481153
2018-10-26,111.18573601894992
2018-10-29,111.16904119823138
2018-10-30,110.17283671047463
2018-10-31,109.5945483288092
2018-11-01,108.20959582758864
2018-11-02,107.8154896314705
2018-11-05,107.34277248517267
2018-11-07,106.88048390966532
2018-11-08,105.4861343105213
2018-11-09,104.16638268783261
2018-11-13,100.32474253568888
2018-11-14,100.37111904876343
2018-11-15,100.72922937623628
2018-11-16,100.36462419730812
2018-11-19,100.49042538155031
2018-11-21,99.02032613331497
2018-11-23,95.92432365779361
2018-11-26,95.75312657921654
2018-11-27,95.59183825020106
2018-11-28,95.4650626616154
2018-11-29,96.07892624763245
2018-11-30,95.71006104985558
2018-12-03,97.81182551952821
2018-12-04,98.6808960243026
2018-12-05,98.09588637296996
2018-12-06,96.6080797731386
2018-12-07,98.08287925462315
2018-12-10,97.26175031276621
2018-12-11,97.27499148962482
2018-12-12,97.32634042613148
2018-12-13,98.0060254986486
2018-12-14,97.1580604514116
2018-12-17,96.8233423515883
2018-12-18,94.58712053438086
2018-12-19,95.9343326700812
2018-12-20,93.80876673686429
2018-12-21,92.86159484869692
2018-12-24,90.17837815608569
2018-12-27,90.88166644694655
2018-12-28,91.20558712272494
2018-12-31,92.16931112993613
2019-01-02,93.91450188889019
2019-01-03,94.3665912622606
2019-01-04,95.71498717749148
2019-01-07,96.17742925264417
2019-01-08,97.34541054357278
2019-01-09,99.58019781850592
2019-01-10,99.21464930009469
2019-01-11,98.94630314377086
2019-01-14,97.6001507827004
2019-01-15,98.60761922099147
2019-01-16,99.50807204925309
2019-01-17,99.92649323783483
2019-01-18,101.72745582618322
2019-01-22,101.1835707727242
2019-01-23,101.57076961153568
2019-01-24,101.97067629938981
2019-01-25,102.67645204591535
2019-01-28,101.73156507664662
2019-01-29,102.54956265869275
2019-01-30,103.39878265287459
2019-01-31,103.21702131559076
2019-02-04,103.68937453326119
2019-02-07,103.14346837190101
2019-02-08,103.22889149451217
2019-02-11,102.23344724774319
2019-02-12,102.72155436473432
2019-02-13,103.38737312101772
2019-02-14,104.11916718757743
2019-02-15,105.18251423508298
2019-02-19,105.20885979626875
2019-02-20,105.73784456155634
2019-02-21,106.46529272298504
2019-02-22,106.5202687027246
2019-02-25,104.2338779788981
2019-02-26,104.003624233297
2019-02-27,104.23887234179865
2019-02-28,104.18402696927535
2019-03-01,103.85192041714507
2019-03-04,103.95306750174073
2019-03-05,103.93829358915312
2019-03-06,103.64434874893979
2019-03-07,103.63776288919266
2019-03-08,102.91444117924881
2019-03-11,103.35427515961388
2019-03-12,103.6592573603179
2019-03-13,103.98522928266969
2019-03-14,103.58484726446848
2019-03-15,103.67971917432257
2019-03-18,104.42955341231037
2019-03-19,104.66835746598908
2019-03-20,105.80000995096599
2019-03-21,105.53793721202138
2019-03-22,104.09293316742949
2019-03-25,104.12825387245232
2019-03-26,104.46621926143106
2019-03-27,104.3934540597919
2019-03-28,103.94175627855789
2019-03-29,104.15887714442871
2019-04-01,105.08396882645832
2019-04-02,106.42486489342573
2019-04-03,106.39966912971035
2019-04-04,107.06613229920553
2019-04-05,107.89054075716966
2019-04-08,108.18895786071363
2019-04-09,108.10455911338101
2019-04-10,108.27410510740742
2019-04-11,107.44986761569841
2019-04-12,107.95851428282613
2019-04-15,107.28657195653166
2019-04-16,108.01140602248857
2019-04-17,108.10460286210741
2019-04-18,108.17994642910111
2019-04-22,109.26660676085032
2019-04-23,109.00522194389852
2019-04-24,108.74116000870468
2019-04-25,108.23132119428054
2019-04-26,105.9461016366946
2019-04-29,106.23278851052854
2019-04-30,106.35130212663996
2019-05-02,103.9778461876314
2019-05-03,103.89984515507906
2019-05-06,103.4651967492507
2019-05-07,103.4864312594404
2019-05-08,103.88456396032943
2019-05-09,102.94119542580557
2019-05-10,102.81877131143222
2019-05-13,102.56576941027822
2019-05-14,103.7207210663203
2019-05-15,104.82172005992558
2019-05-16,106.8834952937644
2019-05-17,106.17386789176473
2019-05-21,105.43061961334095
2019-05-23,101.0979090171548
2019-05-24,101.70541242579804
2019-05-28,103.50955084591004
2019-05-29,103.8495772842676
2019-05-30,102.028984150042
2019-05-31,99.57439405126337
2019-06-03,97.5117060731702
2019-06-04,98.1459984121706
2019-06-07,98.26872490179274
2019-06-10,97.38923870324432
2019-06-11,97.46188105914447
2019-06-12,95.85286131656308
2019-06-13,97.36006206920761
2019-06-14,97.50841069589512
2019-06-17,97.56834705682712
2019-06-18,98.71748432173247
2019-06-19,98.73898080507763
2019-06-20,100.8238547804196
2019-06-21,101.31663235175384
2019-06-24,100.84891793219842
2019-06-25,100.53877437127923
2019-06-26,101.28291889521223
2019-06-27,101.17410209247967
2019-06-28,101.22975707167883
2019-07-02,98.72929271919179
2019-07-03,99.54361011734062
2019-07-05,99.25408775464422
2019-07-08,99.40447443245175
2019-07-09,99.43508198338506
2019-07-10,101.58750833514148
2019-07-11,101.52851863641395
2019-07-12,101.87623753926256
2019-07-15,101.77474783382499
2019-07-16,100.59279830350565
2019-07-17,99.62242327880492
2019-07-18,98.26790292046853
2019-07-19,98.92919164212658
2019-07-22,99.39939730571882
2019-07-23,100.19393780284167
2019-07-24,100.40180550699623
2019-07-25,100.71984725704957
2019-07-26,100.97241920217313
2019-07-29,101.21647523190917
2019-07-31,102.10757181587873
2019-08-01,98.74845685330564
2019-08-02,99.9412363049219
2019-08-06,98.03148931442156
2019-08-07,96.11049841979629
2019-08-08,98.19368770537564
2019-08-09,100.38681692230438
2019-08-13,102.69804344979137
2019-08-14,101.2196015347408
2019-08-15,100.04865452313028
2019-08-16,100.56355993096662
2019-08-19,100.7002325528747
2019-08-20,100.99081959846103
2019-08-21,101.61517237988522
2019-08-22,101.62626558205964
2019-08-23,100.71051406272751
2019-08-26,100.40717692326626
2019-08-27,100.46270598808537
2019-08-28,101.66911445494935
2019-08-29,102.03968326460841
2019-08-30,101.37810429446641
2019-09-03,99.63291968399079
2019-09-04,101.73602648595272
2019-09-05,101.81951863769099
2019-09-06,102.01520624374028
2019-09-10,103.23590757014327
2019-09-11,102.03434113226237
2019-09-12,101.7851631920347
2019-09-13,101.3939672749331
2019-09-17,106.92847209173699
2019-09-18,105.75420999771181
2019-09-19,105.88091775632391
2019-09-20,105.23335978167987
2019-09-23,105.0134103483298
2019-09-24,103.40167417229227
2019-09-25,102.67031233374588
2019-09-26,102.8877474157862
2019-09-27,102.14941249650961
2019-09-30,101.09765516793775
2019-10-01,100.56409303264702
2019-10-02,99.39773449813181
2019-10-03,99.71572051969275
2019-10-04,100.50952998941492
2019-10-07,100.96625075404387
2019-10-08,100.73596733079262
2019-10-09,101.13929997124926
2019-10-10,101.76728864125091
2019-10-11,102.63996484516558
2019-10-15,101.3859916144807
2019-10-16,102.75386329908443
2019-10-17,103.05062395045934
2019-10-18,103.17835216944103
2019-10-21,102.70847584515343
2019-10-22,104.10656939177277
2019-10-23,105.08867936829782
2019-10-24,106.68580313591399
2019-10-25,106.83485446301115
2019-10-29,106.31030951062897
2019-10-30,106.39822159204692
2019-10-31,105.28980686929978
2019-11-01,106.72429373761732
2019-11-04,108.66239527025765
2019-11-05,108.75256686748374
2019-11-06,108.49855020945026
2019-11-07,108.46763537349511
2019-11-08,108.95905939119189
2019-11-12,108.82862200438528
2019-11-13,108.35513557401958
2019-11-14,108.69262598017755
2019-11-15,109.08082901766669
2019-11-18,108.62226463838441
2019-11-19,107.85003520397143
2019-11-20,109.98024267483287
2019-11-21,110.59432363636621
2019-11-22,111.12880344296323
2019-11-25,110.79976541704342
2019-11-26,110.5685736204493
2019-11-27,110.5798509464411
2019-11-29,109.19113387531276
2019-12-02,108.55298876326034
2019-12-03,108.63931033029284
2019-12-04,110.84964804103275
2019-12-05,111.5375195334875
2019-12-06,113.19130163444187
2019-12-09,113.71375332585374
2019-12-10,113.99439946057022
2019-12-11,112.84488013658222
2019-12-12,113.90915369787172
2019-12-13,114.79529544833593
2019-12-16,115.95585009381904
2019-12-17,117.17930355199341
2019-12-18,116.65764328712451
2019-12-19,117.40452972956513
2019-12-20,117.36669310544157
2019-12-23,117.38418440693714
2019-12-24,118.17411464261963
2019-12-27,120.83930803834973
2019-12-30,121.73992146616868
2019-12-31,119.32669269897976
2020-01-02,120.5993473767534
2020-01-03,122.07007282827176
2020-01-06,121.05291299224434
2020-01-07,120.75106175442663
2020-01-08,118.33287871469045
2020-01-09,118.7139955317579
2020-01-10,118.44887363925555
2020-01-13,116.74598980611187
2020-01-14,116.19313194147082
2020-01-15,115.03516896020028
2020-01-16,114.8043170219153
2020-01-17,114.54298149998532
2020-01-21,114.41889640645269
2020-01-22,113.95274755337215
2020-01-23,112.08403230002106
2020-01-24,109.91521462502196
2020-01-28,105.85380082672764
2020-01-29,107.33620172237757
2020-01-30,104.70029715529026
2020-01-31,103.24740138111875
2020-02-03,101.3559258096479
2020-02-04,102.02690698166839
2020-02-05,105.02531264934349
2020-02-06,105.36601839955873
2020-02-07,104.40905156801203
2020-02-10,102.59647687749604
2020-02-11,102.58210317089276
2020-02-12,104.07591620059182
2020-02-13,103.89784746510698
2020-02-14,104.68478161301447
2020-02-18,104.36653025130889
2020-02-19,104.62539024645832
2020-02-20,105.20438020312382
2020-02-21,105.13665438099065
2020-02-24,101.45771712022882
2020-02-25,99.2496798812775
2020-02-26,97.5925925466555
2020-02-27,96.14461431428589
2020-02-28,93.06537637052067
2020-03-02,94.95717717356655
2020-03-03,96.04052964262331
2020-03-04,97.31796217380297
2020-03-05,96.45132111972337
2020-03-06,90.57940508566666
2020-03-09,79.01805437238768
2020-03-10,82.31199195144987
2020-03-11,81.34520807524879
2020-03-12,78.15542054046905
2020-03-13,77.5874336824917
2020-03-16,72.49332466555133
2020-03-17,71.31672503680122
2020-03-18,65.27567781915876
2020-03-19,70.56282441178419
2020-03-20,69.42491304481368
2020-03-23,69.8754585589123
2020-03-24,71.48561008943256
2020-03-25,72.18899993311364
2020-03-26,70.26775542908598
2020-03-27,69.14175645170475
2020-03-30,67.22822865362605
2020-03-31,67.50530204095713
2020-04-01,67.014000849994
2020-04-02,72.76261056595536
2020-04-03,76.55401267930172
2020-04-06,75.1225874741694
2020-04-07,74.245229930077
2020-04-08,75.72918777394912
2020-04-09,73.69236940594668
2020-04-13,72.7355022093882
2020-04-14,69.75684706730195
2020-04-15,68.19255007716194
2020-04-16,68.04281363900712
2020-04-17,67.48049916065412
2020-04-20,27.014006791171415
2020-04-21,18.168388585024932
2020-04-22,19.649841415463428
2020-04-23,20.849789648462274
2020-04-24,20.525634616556314
2020-04-27,19.010213472312554
2020-04-28,19.04382165906689
2020-04-29,20.491300084943152
2020-04-30,22.50130135584042
2020-05-04,22.482382274425714
2020-05-05,24.349851448491002
2020-05-06,23.730937221255942
2020-05-08,24.6047787916145
2020-05-12,24.51769766794368
2020-05-13,24.425867190528226
2020-05-14,25.311000118351508
2020-05-15,26.319539603813475
2020-05-19,27.77356712906456
2020-05-20,28.18936394425427
2020-05-21,28.34405156960867
2020-05-22,27.76873619351492
2020-05-27,28.15627127855243
2020-05-28,28.223457567134307
2020-05-29,28.61469972952733
2020-06-01,29.186776178031533
2020-06-02,30.07715961572804
2020-06-03,30.26922132490984
2020-06-04,30.045351597646107
2020-06-05,31.182969728679605
2020-06-09,31.074024337785655
2020-06-10,31.16781832588491
2020-06-11,30.195726711442646
2020-06-12,30.14925821240609
2020-06-15,30.380290528388947
2020-06-16,31.073576187309538
2020-06-17,31.05104118488625
2020-06-18,31.353031898027055
2020-06-19,32.137795989908064
2020-06-22,32.25763692420986
2020-06-23,32.24009270101366
2020-06-24,31.12559015784595
2020-06-25,31.1661100855752
2020-06-26,30.903809129993476
2020-06-29,31.307053894781077
2020-06-30,31.087902450370997
2020-07-02,31.880153898013276
2020-07-06,32.17430473359458
2020-07-07,32.12394619144646
2020-07-08,32.25037030964362
2020-07-09,31.850714490342387
2020-07-10,32.20394214935615
2020-07-13,32.119864429534346
2020-07-14,32.49920329002779
2020-07-15,33.062622290034085
2020-07-16,32.882536501494144
2020-07-17,33.254674037659704
2020-07-20,33.49726473121007
2020-07-21,33.973413100986335
2020-07-22,33.88889147140448
2020-07-23,33.74581579176236
2020-07-24,33.97357489565521
2020-07-27,33.63445223434432
2020-07-28,33.28377127098152
2020-07-29,33.66418416057994
2020-07-30,33.304641628736924
2020-08-04,34.501885515799195
2020-08-05,34.75412980889358
2020-08-06,34.67358769381506
2020-08-07,34.34363170633578
2020-08-10,34.34243552392002
2020-08-11,34.06684238938741
2020-08-12,34.69336236964148
2020-08-13,34.57666946492259
2020-08-14,34.38541813929476
2020-08-17,34.55457642248076
2020-08-18,34.78435601146399
2020-08-19,34.83683614255288
2020-08-21,34.176978961168984
2020-08-24,34.46814595707798
2020-08-25,34.700790294411675
2020-08-26,34.75008037902607
2020-08-27,34.862205004269185
2020-08-28,35.08115403770556
2020-09-01,35.230767786564115
2020-09-02,34.9444102323505
2020-09-03,34.81488700003263
2020-09-04,34.13366374936826
2020-09-08,33.120699467996445
2020-09-09,33.35029722023325
2020-09-10,33.12503467586185
2020-09-11,33.32416705778073
2020-09-14,33.57876912154835
2020-09-15,33.98545412878302
2020-09-17,35.438227651186466
2020-09-18,35.78698515798684
2020-09-21,34.58677160521878
2020-09-22,34.41165583542441
2020-09-23,34.06638119161713
2020-09-24,33.68461147374066
2020-09-25,34.049649710818436
2020-09-28,34.309608568301776
2020-09-29,33.60780394115713
2020-09-30,33.752131857795945
2020-10-01,33.42817351721268
2020-10-02,32.51208653092791
2020-10-05,33.57924060423338
2020-10-06,34.58158602654133
2020-10-07,34.401876599990786
2020-10-08,34.979307376414994
2020-10-09,35.118138533632795
2020-10-13,35.067854724130825
2020-10-14,35.35456582299958
2020-10-15,34.99053804286796
2020-10-16,34.822402576221464
2020-10-19,34.3954622163961
2020-10-20,34.94482329538152
2020-10-21,34.50667056404278
2020-10-22,35.05796936589013
2020-10-23,34.905864376342464
2020-10-26,34.67467229083091
2020-10-27,34.9931299292526
2020-10-28,33.91737778713237
2020-10-30,33.196005913476576
2020-11-02,33.4467011869579
2020-11-03,34.2297013804344
2020-11-04,35.08477550331791
2020-11-05,35.51171439255557
2020-11-06,34.81299340668689
2020-11-09,36.29616013496947
2020-11-10,37.00345727109654
2020-11-12,37.60410468251742
2020-11-13,37.12141774688059
2020-11-16,37.40705083238032
2020-11-17,37.40363147716631
2020-11-18,38.1382156606854
2020-11-19,38.08112311329317
2020-11-20,38.147936080897544
2020-11-23,38.74749893745722
2020-11-24,39.24371623528396
2020-11-25,39.633915015945696
2020-11-27,39.8395340924463
2020-11-30,39.3872682333381
2020-12-01,39.28513368870104
2020-12-02,39.49172036177007
2020-12-03,40.02407281725951
2020-12-04,40.63890274679406
2020-12-07,40.34090026470089
2020-12-08,40.102872229991746
2020-12-09,40.13855692111861
2020-12-10,40.723687703885844
2020-12-11,40.99082137818255
2020-12-14,41.33584960143566
2020-12-15,41.46217695557709
2020-12-16,41.28000352290086
2020-12-17,41.80395370586633
2020-12-18,42.39156874916706
2020-12-21,41.658265056925195
2020-12-22,41.61164414665859
2020-12-23,42.50369538420454
2020-12-24,42.71939352843866
2020-12-29,42.766119513461476
2020-12-30,42.97452148743431
2020-12-31,43.16441973509844
2021-01-04,43.165822743021394
2021-01-05,44.511021185149794
2021-01-06,45.160754188322876
2021-01-07,45.0806373467813
2021-01-08,45.64042897581684
2021-01-11,45.45049982264848
2021-01-12,45.53777995780738
2021-01-13,45.53294711000456
2021-01-14,45.32969207862349
2021-01-15,44.2627286866071
2021-01-19,43.935008302951154
2021-01-20,43.92842940923569
2021-01-21,44.27776462125673
2021-01-22,43.71216342705248
2021-01-25,43.994494151488894
2021-01-26,44.35461663297528
2021-01-27,45.074897051708234
2021-01-29,45.11417349820782
2021-02-02,45.75337306311382
2021-02-03,45.55942486105853
2021-02-04,46.06905956443209
2021-02-05,46.505819033201924
2021-02-08,47.32794039355287
2021-02-09,48.16905208920576
2021-02-10,48.316363952896126
2021-02-11,47.99700426045819
2021-02-16,49.19967948517427
2021-02-17,49.87428632806796
2021-02-18,49.35428946597376
2021-02-19,49.32232855313654
2021-02-22,50.33440872369269
2021-02-23,51.31137324959935
2021-02-24,52.025271201786616
2021-02-25,52.41969116667603
2021-02-26,51.85326275516996
2021-03-01,51.010317619439135
2021-03-02,50.636441727487245
2021-03-03,51.32144251636531
2021-03-04,52.59478280112019
2021-03-05,53.71320155168158
2021-03-08,54.02048719924567
2021-03-09,53.96728550499007
2021-03-10,54.125394028215744
2021-03-11,55.24215127442768
2021-03-12,55.696339269122795
2021-03-15,55.05279466653244
2021-03-16,54.01003576461707
2021-03-17,53.79813455379951
2021-03-18,51.38404288914601
2021-03-19,51.68436549409798
2021-03-22,52.687107682296265
2021-03-23,51.60479144377212
2021-03-24,53.01900094819325
2021-03-25,51.26688301162851
2021-03-26,51.24721118830645
2021-03-29,51.6243534341714
2021-03-30,50.18166937282933
2021-03-31,50.605491098035706
2021-04-01,51.26154200983443
2021-04-05,50.71873340643946
2021-04-06,51.47308896756995
2021-04-07,51.52146749478658
2021-04-08,51.58134789596295
2021-04-09,51.35767724923501
2021-04-12,50.82673789642781
2021-04-13,51.61821582640136
2021-04-14,53.051825672918895
2021-04-15,53.561790038187674
2021-04-16,53.47122891638249
2021-04-19,53.48492894824608
2021-04-20,53.97276585732418
2021-04-21,54.304874212829766
2021-04-22,55.04095056465893
2021-04-23,55.13544902085176
2021-04-26,55.35540097234316
2021-04-27,56.52973576692683
2021-04-28,56.90895723393692
2021-04-30,56.552995385511394
2021-05-03,57.507300342736364
2021-05-04,58.06235194813616
2021-05-05,58.196163511457385
2021-05-06,58.45744401370588
2021-05-07,59.43917618305369
2021-05-10,59.10040123635708
2021-05-11,59.19435764278895
2021-05-12,60.06174847795174
2021-05-17,59.22804687221649
2021-05-18,59.820609648144085
2021-05-19,57.93425340674215
2021-05-20,56.62210933694094
2021-05-21,56.55801685153315
2021-05-25,57.7497912822599
2021-05-27,57.74483464205993
2021-05-28,57.92415237300176
2021-06-01,58.22491101309406
2021-06-02,59.874461438065595
2021-06-03,59.74168649757641
2021-06-04,60.397799627338365
2021-06-08,60.12805959420399
2021-06-09,59.456091825439294
2021-06-10,59.33358759694395
2021-06-11,58.32548283302954
2021-06-14,57.058483547116154
2021-06-15,58.15967925853568
2021-06-16,56.935918349998104
2021-06-17,55.233684756375425
2021-06-18,55.717902324793265
2021-06-21,56.39827960065942
2021-06-22,56.36597349140294
2021-06-23,57.15176821778122
2021-06-24,57.29526625471612
2021-06-25,57.49230990269373
2021-06-28,57.31288085145428
2021-06-29,58.012811358645614
2021-06-30,58.61871003350162
2021-07-02,60.379716515936884
2021-07-06,59.242785200965166
2021-07-07,58.802921032873876
2021-07-08,59.05905337858706
2021-07-09,60.06601389518013
2021-07-12,60.52482708653376
2021-07-13,61.784778530189286
2021-07-14,61.22969628388903
2021-07-15,61.100125521320905
2021-07-16,61.157219752600035
2021-07-19,58.76269282308871
2021-07-21,59.983412356230524
2021-07-22,60.41316208744085
2021-07-23,61.21367148789078
2021-07-26,61.848321673310245
2021-07-27,61.900925560152885
2021-07-28,61.67043012068066
2021-07-29,62.61686591941468
2021-07-30,62.168019936993936
2021-08-02,59.957678602864426
2021-08-03,59.649407614658244
2021-08-04,59.35080192573041
2021-08-05,59.43607762033882
2021-08-06,59.573693800017416
2021-08-09,58.87110029613141
2021-08-11,60.616739798988206
2021-08-12,60.416176972071014
2021-08-13,60.46824440282491
2021-08-16,59.81891263406413
2021-08-17,59.44496076639171
2021-08-18,58.561464518729025
2021-08-19,57.12109753688559
2021-08-20,56.15012095548695
2021-08-23,58.11051273080559
2021-08-24,59.38842337718672
2021-08-25,60.196912591472525
2021-08-26,59.847223843540796
2021-08-27,60.24395362356296
2021-08-30,59.98974320313564
2021-09-01,58.835819401302714
2021-09-02,59.911317288039314
2021-09-03,59.880696772748266
2021-09-07,59.45427897767095
2021-09-08,60.02234600689541
2021-09-09,58.95711669026385
2021-09-10,59.029834783536494
2021-09-13,59.53993696278799
2021-09-14,59.85615255793457
2021-09-15,61.38273732112618
2021-09-17,60.23770783718775
2021-09-20,59.08125685822316
2021-09-21,59.24138146340695
2021-09-22,60.679498166148264
2021-09-23,61.728499721366916
2021-09-24,62.26077362859995
2021-09-27,62.75555378788999
2021-09-28,62.69766901561291
2021-09-29,62.667477461236146
2021-09-30,63.45270833388478
2021-10-01,63.393918244269074
2021-10-04,64.52572189634598
2021-10-05,66.25244038287597
2021-10-06,65.89077373802735
2021-10-07,66.48496709086749
2021-10-08,67.13369520983696
2021-10-12,66.57887783960227
2021-10-13,67.1681543594849
2021-10-14,67.17999993529527
2021-10-15,68.2595648097419
2021-10-18,68.23456924005491
2021-10-20,69.79757206434356
2021-10-21,68.39443955219387
2021-10-22,68.55843749555314
2021-10-25,69.24169140517061
2021-10-26,69.48392288262569
2021-10-27,68.51648180427874
2021-10-28,68.20110706821087
2021-10-29,69.12676177613865
2021-11-01,69.04029715216382
2021-11-02,69.2878650691108
2021-11-03,68.13036263460415
2021-11-05,67.28346068717894
2021-11-08,67.48963702529205
2021-11-09,67.96988361285112
2021-11-10,67.85463579714012
2021-11-12,67.39901738273579
2021-11-15,66.99920668228003
2021-11-16,66.86234134540886
2021-11-17,66.34033929930155
2021-11-18,66.91768934717933
2021-11-19,65.46678458498477
2021-11-22,66.13614579306203
2021-11-23,66.79327246936136
2021-11-24,67.26522212118645
2021-11-26,62.51731897131726
2021-11-29,63.03440462949721
2021-11-30,60.23097793355665
2021-12-01,60.12062360636817
2021-12-02,60.60425173481864
2021-12-06,62.45923002313003
2021-12-07,63.99593974596992
2021-12-08,63.48932037176284
2021-12-09,62.70950143914249
2021-12-10,62.75692516717161
2021-12-13,62.44532811476731
2021-12-14,61.57257685944821
2021-12-15,61.182888589271464
2021-12-16,61.78343100958522
2021-12-17,61.11241555641337
2021-12-20,59.386946706756646
2021-12-21,61.17678517557904
2021-12-22,62.14303570933083
2021-12-23,62.875829822441986
2021-12-28,65.09932027056847
2021-12-29,65.20510286626626
2021-12-30,65.04706305632324
2021-12-31,64.25458022179906
2022-01-04,66.34169921078032
2022-01-05,67.4424044113777
2022-01-06,67.74573425210174
2022-01-07,67.67803353186615
2022-01-10,67.35542501835039
2022-01-11,68.78262358220468
2022-01-12,69.06866424011126
2022-01-13,69.09254836464088
2022-01-14,69.6044127301772
2022-01-19,71.3130047867454
2022-01-20,72.04268618931593
2022-01-21,72.12019379582469
2022-01-24,70.82683525638302
2022-01-25,71.76244830542889
2022-01-26,73.06911552905409
2022-01-27,73.40237567742194
2022-01-28,74.52810562315184
2022-01-31,74.62644905622342
2022-02-03,75.21845888203052
2022-02-04,76.46216104616681
2022-02-07,76.04234890598518
2022-02-08,74.25739373198807
2022-02-09,75.2695564959748
2022-02-10,75.13797004164816
2022-02-11,76.41696967179256
2022-02-14,77.53427613633629
2022-02-15,76.17302717521798
2022-02-16,76.47956933520761
2022-02-17,75.80352844932263
2022-02-18,76.1337213258251
2022-02-22,78.68564311790482
2022-02-23,79.24753293505542
2022-02-24,82.30652456975403
2022-02-25,78.7375111703618
2022-02-28,82.4915110450852
2022-03-01,87.94758048501417
2022-03-02,91.3412329152677
2022-03-03,91.46199115261277
2022-03-04,92.7777005476568
2022-03-07,96.88255715575728
2022-03-08,99.81171311395191
2022-03-09,97.91340561375843
2022-03-10,96.99947717974942
2022-03-11,93.50338266758332
2022-03-14,89.12732925427427
2022-03-15,84.42271509406957
2022-03-16,83.79833395618425
2022-03-17,87.94481755834595
2022-03-18,86.89574075124989
2022-03-21,91.00130047710928
2022-03-22,92.17938463982044
2022-03-23,95.2273334452721
2022-03-24,93.22428143149293
2022-03-25,93.70027870300713
2022-03-28,89.97932705553941
2022-03-29,88.61025765244233
2022-03-30,89.72849294194792
2022-03-31,86.11480580368737
2022-04-01,85.5322860485057
2022-04-04,88.05819712441028
2022-04-05,87.8464140326591
2022-04-06,85.61392770627386
2022-04-07,84.83615462850116
2022-04-08,86.72476763601914
2022-04-11,85.78359934463504
2022-04-12,88.62665972559654
2022-04-13,90.45946551296177
2022-04-14,92.77339363630544
2022-04-18,94.6541277547225
2022-04-20,91.90066101173797
2022-04-21,92.42216116569841
2022-04-22,92.53388714151046
2022-04-25,90.07953485606734
2022-04-26,92.9225457212315
2022-04-27,96.074466583909
2022-04-28,97.45425388201788
2022-04-29,98.26903943456036
2022-05-05,96.90498450615645
2022-05-06,96.04136942782975
2022-05-09,93.20069552679978
2022-05-10,92.19550438698315
2022-05-11,95.16617229040764
2022-05-12,94.83812677962295
2022-05-13,96.1701640199486
2022-05-17,94.27665030482135
2022-05-18,92.15011935024756
2022-05-19,92.55294860164852
2022-05-20,93.61250574824852
2022-05-24,94.8008535203374
2022-05-25,94.33300988327751
2022-05-26,97.02677310955501
2022-05-27,96.8142507815485
2022-05-31,97.49131876452589
2022-06-01,96.8836198934815
2022-06-02,98.29751965807209
2022-06-03,99.3255479751771
2022-06-07,99.84571957247921
2022-06-08,101.03033791342477
2022-06-09,100.27502243290752
2022-06-10,98.36288607682634
2022-06-13,96.45420122641937
2022-06-14,96.29672688608511
2022-06-15,94.6951466305056
2022-06-16,93.86047235297961
2022-06-17,90.79477337335408
2022-06-21,89.12370041393311
2022-06-22,84.71308749219874
2022-06-23,84.17103436113986
2022-06-24,85.345316594861
2022-06-27,87.09781053554562
2022-06-28,87.97925306600945
2022-06-29,87.2286334732923
2022-06-30,85.46123571555786
2022-07-05,77.28704798319195
2022-07-06,75.64050001898596
2022-07-07,78.42240497528601
2022-07-08,79.40768119782385
2022-07-12,76.80191448628221
2022-07-13,74.22473375838973
2022-07-14,72.9441805906067
2022-07-15,73.67745523944589
2022-07-18,77.62538750755577
2022-07-19,76.55689394222703
2022-07-20,76.27191969061211
2022-07-21,73.13118789552085
2022-07-22,73.55269147240908
2022-07-25,73.60587559670789
2022-07-26,74.29357562636609
2022-07-27,75.63175116163511
2022-07-28,77.54265683536477
2022-07-29,80.63559121385218
2022-08-02,74.79932646323073
2022-08-03,73.79219686121971
2022-08-04,73.01594531161723
2022-08-05,73.84549475175936
2022-08-08,75.00078369921141
2022-08-09,75.69981669181863
2022-08-10,76.17944031543736
2022-08-11,77.90402554340449
2022-08-12,78.45827078068884
2022-08-15,75.36845028579525
2022-08-16,74.32640445226409
2022-08-17,74.97227717967331
2022-08-18,75.22141322792642
2022-08-19,75.97310464894646
2022-08-22,76.62587515633096
2022-08-23,78.45073138877035
2022-08-24,79.31412048387013
2022-08-25,78.48860632666282
2022-08-26,79.1333300742189
2022-08-29,80.20865577196491
2022-08-30,77.87277352773215
2022-09-01,74.06754309397337
2022-09-02,74.8327818833685
2022-09-06,73.55006939110827
2022-09-07,71.40038900167026
2022-09-08,71.03774197594056
2022-09-09,72.70963693595117
2022-09-12,73.99691421985273
2022-09-13,74.61424294207254
2022-09-14,73.5006234974314
2022-09-15,70.86452724644428
2022-09-19,71.62090081109464
2022-09-20,71.6159228683552
2022-09-21,71.84510419586691
2022-09-22,72.55529815969712
2022-09-23,69.87719348665978
2022-09-26,67.9790850942664
2022-09-27,68.76822676337417
2022-09-28,68.851583188673
2022-09-29,69.66208157408414
2022-10-03,70.65716046800698
2022-10-04,73.42207586307524
2022-10-05,74.7907240546488
2022-10-06,75.44907929924075
2022-10-07,77.9727926712473
2022-10-11,75.41188578674509
2022-10-12,75.09881429121317
2022-10-13,74.98182846720755
2022-10-14,74.4161890324924
2022-10-17,74.29651938564443
2022-10-18,74.54050179755328
2022-10-19,76.02812618398711
2022-10-20,76.05314002589894
2022-10-21,76.198109112901
2022-10-25,76.6915096385816
2022-10-26,78.22814811739352
2022-10-27,78.33103840309114
2022-10-28,77.40012977568888
2022-10-31,77.42706417365677
2022-11-01,78.054469471348
2022-11-02,79.70361176165531
2022-11-03,79.36108606906862
2022-11-04,81.38259462867381
2022-11-07,80.98944635942998
2022-11-08,79.19519049511592
2022-11-09,77.34476368722108
2022-11-10,77.56612148513264
2022-11-14,76.79170220331444
2022-11-15,76.81493225913933
2022-11-16,75.80176887363577
2022-11-17,73.0567140568605
2022-11-21,72.06604200552802
2022-11-22,73.4156709309706
2022-11-23,72.86545912569672
2022-11-25,72.15267339805885
2022-11-29,73.00863598230805
2022-11-30,74.08095171112252
2022-12-01,72.61214977306956
2022-12-02,71.38244652400397
2022-12-05,69.86206947553339
2022-12-06,68.45166361154654
2022-12-07,67.03107931425272
2022-12-08,66.7748695288896
2022-12-09,66.79267687873677
2022-12-12,66.87791955486576
2022-12-13,69.34365721157735
2022-12-14,70.64476075923578
2022-12-15,69.37226482999263
2022-12-16,68.42249598286618
2022-12-19,68.81825078935574
2022-12-20,68.98917889955183
2022-12-21,70.38944825475085
2022-12-22,69.76828376245255
2022-12-23,70.47774180719102
2022-12-28,71.44343508026544
2022-12-29,71.38336126261288
2022-12-30,72.08164735679384
2023-01-03,70.95036172677213
2023-01-04,68.62730069618466
2023-01-05,68.72745437900109
2023-01-06,68.95110735317859
2023-01-09,69.54662743499533
2023-01-10,68.98844760054024
2023-01-11,69.50074860605346
2023-01-12,70.12451595390566
2023-01-13,70.51518355856058
2023-01-17,70.50191455145361
2023-01-18,70.82854939441158
2023-01-19,70.89144465747627
2023-01-20,71.33871877884297
2023-01-25,69.69057272138043
2023-01-26,70.32194923039935
2023-01-27,70.24737635806505
2023-01-30,69.85600682812134
2023-01-31,69.73351083926522
2023-02-02,67.6109132810833
2023-02-03,66.6871387913315
2023-02-07,68.77992465099047
2023-02-08,69.4108036389405
2023-02-09,68.6065850815306
2023-02-10,69.33753002265014
2023-02-13,69.59304925706996
2023-02-14,69.52639404795862
2023-02-15,69.27674680514924
2023-02-16,69.81516875396602
2023-02-17,69.03094875925119
2023-02-21,69.47428606380015
2023-02-22,68.7100150898918
2023-02-23,69.22179963018786
2023-02-24,69.50481705100178
2023-02-27,69.3990595624981
2023-02-28,69.59170044294486
2023-03-01,70.1618460188158
2023-03-02,71.04937415126702
2023-03-03,71.59653022280276
2023-03-06,71.21512765669642
2023-03-07,69.32604276703393
2023-03-08,68.86241380565676
2023-03-09,68.06351454284733
2023-03-10,67.77784376164604
2023-03-13,66.73388363500473
2023-03-14,65.41956542066497
2023-03-15,63.52249844701223
2023-03-16,63.992166561063726
2023-03-17,63.56741425422352
2023-03-20,63.31292354254966
2023-03-21,63.43453295716732
2023-03-22,63.19511858463167
2023-03-23,62.096286158976085
2023-03-24,61.73522133203987
2023-03-27,63.4449423400666
2023-03-28,64.37363971524566
2023-03-29,64.2789037093529
2023-03-30,64.68147410757304
2023-03-31,65.19087828545501
2023-04-03,67.85184695717098
2023-04-04,67.84174978414799
2023-04-05,67.42602790537373
2023-04-06,67.08569265670303
2023-04-10,66.86620796665655
2023-04-11,67.52633622531836
2023-04-12,67.3993039537509
2023-04-13,66.84708019846849
2023-04-14,66.70975478246437
2023-04-17,66.07447635282394
2023-04-18,66.98084497778424
2023-04-19,65.94524891606333
2023-04-20,64.71048627828692
2023-04-25,63.78015467314672
2023-04-26,62.50809163491603
2023-04-27,61.592526011634284
2023-04-28,61.96959259354722
2023-05-02,60.56019931808275
2023-05-03,59.61317385151402
2023-05-05,62.11998075285774
2023-05-08,63.40496601329808
2023-05-09,63.46780070048074
2023-05-10,62.72734050827814
2023-05-11,61.532435800343265
2023-05-12,60.87562758439836
2023-05-15,60.980150743237175
2023-05-16,59.756924138098256
2023-05-17,60.09709407029467
2023-05-18,59.72489900592761
2023-05-19,59.924290665029176
2023-05-23,60.0414663566393
2023-05-24,60.73452163122012
2023-05-25,60.23677881412236
2023-05-26,60.980949154846456
2023-05-30,58.29341266855472
2023-05-31,56.95618912930286
2023-06-01,58.421215052472334
2023-06-02,59.936169199384594
2023-06-06,60.14223327353929
2023-06-07,60.39321088026297
2023-06-08,60.24825527748562
2023-06-09,60.86532758192541
2023-06-12,59.743268187871394
2023-06-13,61.05180052763877
2023-06-14,60.8679131552114
2023-06-15,62.76808744835801
2023-06-16,64.68612507583425
2023-06-20,64.10072561341059
2023-06-21,63.690011002686674
2023-06-22,62.23775555189038
2023-06-23,62.648606110592084
2023-06-26,63.61581835103467
2023-06-27,63.00981665640818
2023-06-28,63.50678943951215
2023-06-30,65.32024988162185
2023-07-05,67.2049266563611
2023-07-06,66.69731029824368
2023-07-07,67.39488863041555
2023-07-10,68.15388440808388
2023-07-11,68.62081683859185
2023-07-12,69.29478889774934
2023-07-13,69.68083046835967
2023-07-14,68.98549521409181
2023-07-17,68.16015310598563
2023-07-18,68.45496302784441
2023-07-20,69.9628967301592
2023-07-21,70.90731678664555
2023-07-24,72.8318057833237
2023-07-25,72.59231014593533
2023-07-26,72.24655068578546
2023-07-27,72.4161298449387
2023-07-28,72.44772819579593
2023-07-31,71.65314291487225
2023-08-01,72.06085971243526
2023-08-02,71.40301692633841
2023-08-03,71.8110602791705
2023-08-04,72.71177964215192
2023-08-08,71.50309957728727
2023-08-09,72.77655902288186
2023-08-10,72.08626100041589
2023-08-11,71.78514884474981
2023-08-14,71.37374071284881
2023-08-15,71.13582691378191
2023-08-16,71.18807753886462
2023-08-17,72.21563572518355
2023-08-18,72.53843258640644
2023-08-21,72.6806917971143
2023-08-22,71.60282374682916
2023-08-23,71.32004227530935
2023-08-24,71.54162420486048
2023-08-25,72.70539424834823
2023-08-28,72.57469121928726
2023-08-29,72.80956449865099
2023-08-30,72.73459261817956
2023-09-01,74.38127108801247
2023-09-05,74.33418618061054
2023-09-06,74.11323145101278
2023-09-07,73.41938144304892
2023-09-08,73.88577130733552
2023-09-11,73.42821058167452
2023-09-12,73.5357174004124
2023-09-13,73.84591152761327
2023-09-14,74.76389447494427
2023-09-15,74.62076735546805
2023-09-18,74.06257762251175
2023-09-19,73.890460819666
2023-09-20,73.15723101400957
2023-09-21,72.92973583404596
2023-09-22,73.01290746956217
2023-09-25,72.42178294110329
2023-09-26,72.46926496044502
2023-09-27,74.13206844047286
2023-09-29,73.15010622770316
2023-10-03,72.09570982878478
2023-10-04,70.03230294369115
2023-10-05,68.38174178759166
2023-10-06,68.37518384045845
2023-10-10,68.74589778246234
2023-10-11,67.80631880607541
2023-10-12,68.43465148706758
2023-10-13,70.97190072703266
2023-10-16,70.96867312389725
2023-10-17,70.62919732328463
2023-10-18,71.17112769100164
2023-10-19,70.63205011965178
2023-10-20,70.87757741952616
2023-10-23,69.38621040408594
2023-10-24,67.94705312701146
2023-10-25,68.8396607924443
2023-10-26,68.35691291288681
2023-10-27,69.3084589834445
2023-10-30,67.99380160725661
2023-10-31,67.39683489818464
2023-11-01,66.65157553898531
2023-11-02,68.04399625177406
2023-11-03,67.01757761619233
2023-11-06,67.48152104611619
2023-11-07,65.66061100271949
2023-11-08,65.15146338772357
2023-11-09,64.95290499669815
2023-11-10,65.92863717466658
2023-11-14,67.28335231253472
2023-11-15,67.30751069851263
2023-11-16,65.49631963978594
2023-11-17,66.3935158665852
2023-11-20,67.53880311124344
2023-11-21,67.98833693864333
2023-11-22,67.66429532912233
2023-11-24,66.34327312143131
2023-11-27,66.12171370685151
2023-11-28,67.19481985967313
2023-11-29,67.23138642820395
2023-11-30,66.6784202342615
2023-12-01,65.3730262768581
2023-12-04,64.66247280316574
2023-12-05,63.922877401494674
2023-12-06,62.16171494112199
2023-12-07,62.58870773950815
2023-12-08,63.13956343937721
2023-12-11,63.54068813492164
2023-12-12,62.40046536056716
2023-12-13,61.84101014469664
2023-12-14,62.65390451782734
2023-12-15,62.86918528830212
2023-12-18,63.88795776286804
2023-12-19,64.31426722936597
2023-12-20,64.6649608388095
2023-12-21,63.94357857808058
2023-12-22,63.731546295802296
2023-12-27,63.97732749642334
2023-12-28,62.92279838681236
2023-12-29,62.51058522477977
2024-01-02,61.794608639154056
2024-01-03,62.643933446714485
2024-01-04,62.28385589321221
2024-01-05,62.66114539653477
2024-01-08,61.71712143277775
2024-01-09,62.79557181620659
2024-01-10,62.55288288609916
2024-01-11,63.044976225577265
2024-01-12,63.52460445621267
2024-01-16,63.57579758851766
2024-01-17,63.27492920317708
2024-01-18,64.17115415573646
2024-01-19,64.01330843646546
2024-01-22,64.80332010214195
2024-01-23,64.94747825944717
2024-01-24,65.03330269972662
2024-01-26,66.20253192943724
2024-01-29,65.27122181836744
2024-01-30,65.17858751567769
2024-01-31,64.57015146857718
2024-02-02,62.33727926099013
2024-02-05,62.914538376690224
2024-02-06,63.58693069388526
2024-02-07,64.29646158013502
2024-02-08,65.58322816885178
2024-02-09,65.86596018246664
2024-02-13,65.87355154334071
2024-02-14,65.1537277283165
2024-02-15,65.11951400384133
2024-02-16,64.9769165062811
2024-02-20,64.79159041775242
2024-02-21,64.6037069582156
2024-02-22,64.51706696342909
2024-02-23,63.88850128723688
2024-02-26,64.48363747713336
2024-02-27,65.23103930183896
2024-02-28,64.80084761197803
2024-02-29,65.07259923011993
2024-03-01,65.52410508590366
2024-03-04,64.94623899197033
2024-03-05,64.82748538316034
2024-03-06,65.7994652794781
2024-03-07,66.1371431925027
2024-03-08,65.75267457559188
2024-03-11,66.09753337236076
2024-03-12,66.39906422996052
2024-03-13,67.40298411102484
2024-03-14,68.30703097025565
2024-03-15,68.84990821898465
2024-03-18,69.17278440598197
2024-03-19,69.06316097337037
2024-03-20,68.95647189396732
2024-03-21,68.57233989826081
2024-03-22,67.8811927153813
2024-03-25,69.06754634515923
2024-03-26,68.51528093465595
2024-03-27,67.73140873496907
2024-04-01,69.10795021467266
2024-04-02,70.0702761302616
2024-04-03,70.7747429024773
2024-04-04,70.82180207403054
2024-04-05,71.20918138054859
2024-04-08,70.33127223459962
2024-04-09,69.90146452527388
2024-04-12,69.49687622770946
2024-04-15,68.59699265285333
2024-04-16,67.8908726492518
2024-04-17,66.76255911012393
2024-04-18,66.07761394399917
2024-04-19,66.04433096033789
2024-04-22,66.33824212604765
2024-04-23,66.92173250921245
2024-04-24,66.39467274417747
2024-04-25,66.30198870243585
2024-04-26,66.63808282464205
2024-04-29,65.97044410847653
2024-04-30,64.83548897022484
2024-05-02,63.85787653985443
2024-05-03,63.694102965583454
2024-05-06,64.23806873887378
2024-05-07,64.69669381453078
2024-05-08,64.41036134054372
2024-05-09,64.03805973035057
2024-05-10,64.23599176042826
2024-05-13,64.8275803641216
2024-05-14,63.600609398058
2024-05-15,64.26779360870239
2024-05-16,64.52647229296952
2024-05-17,65.52771196471157
2024-05-21,65.28906710285369
2024-05-23,64.55280877099584
2024-05-24,64.58477708556764
2024-05-28,65.90626699363825
2024-05-29,66.04648623849148
2024-05-30,65.19100160175698
2024-05-31,65.16834501227635
2024-06-04,62.299469716282495
2024-06-05,62.26473870951493
2024-06-06,63.61464598325831
2024-06-07,63.413693043662775
2024-06-10,64.0215441460496
2024-06-11,64.21278722555492
2024-06-12,64.59724070652794
2024-06-13,64.69561702650081
2024-06-14,64.44604631632134
2024-06-18,65.46451764161947
2024-06-20,65.76652195617211
2024-06-21,65.30816262187219
2024-06-24,65.35850321554625
2024-06-25,64.64081853587219
2024-06-26,64.97403756454946
2024-06-27,65.44145641023157
2024-06-28,65.57355235250112
2024-07-02,67.766456347743
2024-07-03,68.34830188092116
2024-07-05,68.39134150840826
2024-07-09,66.2583587558581
2024-07-10,66.01847892293668
2024-07-11,66.46840799699561
2024-07-12,66.34755272971907
2024-07-15,66.09951830940066
2024-07-16,65.86388123979681
2024-07-17,66.40002808547922
2024-07-18,66.64135433732386
2024-07-19,65.88162399889906
2024-07-22,66.11385534309537
2024-07-23,65.28098114657897
2024-07-24,65.26381934789003
2024-07-25,65.38871988608622
2024-07-26,64.20828239416385
2024-07-29,63.321363025048825
2024-07-30,62.706203721329146
2024-07-31,63.898182462553734
2024-08-01,63.089144825253015
2024-08-02,61.85123546697192
2024-08-06,60.42370189879315
2024-08-07,61.64171495160914
2024-08-08,61.959625112656354
2024-08-09,62.34396282053548
2024-08-12,62.72859366528862
2024-08-13,61.90647935868916
2024-08-14,61.57372656546698
2024-08-15,61.9761500700827
2024-08-16,61.08460952294196
2024-08-19,60.74281840798964
2024-08-20,60.40423923307028
2024-08-21,60.33116442298775
2024-08-22,60.68703085629371
2024-08-23,61.94819381579839
2024-08-26,63.22326251513106
2024-08-27,62.39216580161202
2024-08-28,62.069368143652824
2024-08-29,63.25363931788124
2024-08-30,62.721377576169665
2024-09-03,60.59870148434019
2024-09-04,59.66710228034724
2024-09-05,60.09388293575885
2024-09-06,58.8006260089832
2024-09-09,59.36710911002869
2024-09-10,57.98509826934881
2024-09-11,58.31694855529492
2024-09-12,58.68266919040281
2024-09-13,58.49628698663219
2024-09-17,59.20108730970337
2024-09-18,59.847285920155144
2024-09-19,60.63001631752232
2024-09-20,60.95178343582837
2024-09-23,60.767158592479866
2024-09-24,61.77274970888584
2024-09-25,61.62633740649408
2024-09-26,60.787336557900986
2024-09-27,60.40479707295423
2024-10-01,61.25117211241567
2024-10-02,62.20713036123817
2024-10-03,63.89929879123864
2024-10-04,64.5874227942643
2024-10-07,65.95739968981692
2024-10-08,63.78913104069609
2024-10-09,63.50247174622221
2024-10-10,64.42995288593701
2024-10-11,64.85674627410482
2024-10-15,62.045750906349596
2024-10-16,61.927188249409134
2024-10-17,62.31505009537616
2024-10-18,61.45567946110994
2024-10-21,62.28974378047237
2024-10-22,63.790489884953175
2024-10-23,63.59738356324623
2024-10-24,64.07807549631873
2024-10-25,64.48915479906724
2024-10-28,62.10387782176133
2024-10-29,62.35111448852953
2024-10-30,63.49579712506941
2024-11-01,65.15382527410655
2024-11-04,65.85180539102072
2024-11-05,65.63761649499307
2024-11-06,66.26778336418863
2024-11-07,67.10596286595933
2024-11-08,66.9621030911914
2024-11-12,65.15773267856314
2024-11-13,64.93749275271581
2024-11-14,64.68228469370779
2024-11-15,65.01262557307751
2024-11-18,65.45870659515475
2024-11-19,65.27185710395716
2024-11-20,64.16641374198626
2024-11-21,64.10824725338952
2024-11-22,63.97337242665223
2024-11-25,63.067628583370606
2024-11-26,63.51298501819802
2024-11-27,62.90285772574211
2024-11-29,63.83842780672631
2024-12-02,63.33874923876144
2024-12-03,64.66192783034057
2024-12-04,63.67544486973556
2024-12-05,64.17062853679228
2024-12-06,64.01335071256776
2024-12-09,64.60106092907075
2024-12-10,64.2090777885902
2024-12-11,64.50594840381444
2024-12-12,64.67380658388727
2024-12-13,65.03030438267129
2024-12-16,64.07317044473089
2024-12-17,63.23259623113201
2024-12-18,62.57744922535563
2024-12-19,62.41118537297587
2024-12-20,61.99715275751101
2024-12-23,62.41202776744934
2024-12-24,62.806568595945244
2024-12-27,63.203175176622906
2024-12-30,63.20211574767588
2024-12-31,63.04375357287305
2025-01-02,63.46421978610854
2025-01-03,63.63660690165438
2025-01-06,63.57957927811141
2025-01-07,64.11169246140106
2025-01-08,63.85100833471174
2025-01-09,64.3358901213709
2025-01-10,66.44545483999303
2025-01-13,68.05954539115697
2025-01-14,67.35110825349302
2025-01-15,67.98549369675388
2025-01-16,66.39218195142669
2025-01-17,66.45088980441722
2025-01-21,66.12588696675365
2025-01-22,65.35987581191729
2025-01-23,65.1552504556241
2025-01-24,65.41090820339426
2025-01-27,64.6282075931105
2025-01-28,65.08752779198973
2025-01-31,65.16128458023589
2025-02-03,65.60646072821861
2025-02-04,65.17686086656678
2025-02-05,64.36430646188899
2025-02-06,64.623315232165
2025-02-07,65.39812064414714
2025-02-10,66.24943381061044
2025-02-12,66.22460742315826
2025-02-13,65.81084740139697
2025-02-14,65.85927047297646
2025-02-18,66.29260910371461
2025-02-19,66.7909735990361
2025-02-20,67.23222653643823
2025-02-21,66.27508206558447
2025-02-24,65.52815943031429
2025-02-25,64.67916027637496
2025-02-26,64.44949275347514
2025-02-27,64.69997637879038
2025-02-28,64.19417871562426
2025-03-03,63.17330866939267
2025-03-04,62.14622712266294
2025-03-05,61.66359912906807
2025-03-06,62.08002664692369
2025-03-07,63.0730724199042
2025-03-10,61.55946778942418
2025-03-11,61.4907540363838
2025-03-12,61.74387324178207
2025-03-13,61.140945277587676
2025-03-14,61.44440382435723
2025-03-17,61.5283848343991
2025-03-19,61.742007146756514
2025-03-20,62.29785264241357
2025-03-21,62.03159745937627
2025-03-24,62.157100581808976
2025-03-25,62.03814231174005
2025-03-26,62.596165501936355
2025-03-27,63.33957299454822
2025-03-28,63.81744213379835
2025-04-02,65.91824557557653
2025-04-03,63.486524980652916
2025-04-04,60.49294606085669
2025-04-07,59.38056182725986
2025-04-08,59.02482471354104
2025-04-10,59.228448801456004
2025-04-11,60.2496664308253
2025-04-14,60.13410011815655
2025-04-15,60.06441146667798
2025-04-16,60.39311858322246
2025-04-17,61.41992717022118
2025-04-21,60.26472513817287
2025-04-22,60.90138868500068
2025-04-23,60.60604361603047
2025-04-24,61.24035152222691
2025-04-25,61.53605325508925
2025-04-28,60.95848893931253
2025-04-29,59.954161406184724
2025-04-30,58.950141785670226
2025-05-02,58.425657592742894
2025-05-05,57.66180619935683
2025-05-06,58.36448101821971
2025-05-07,57.312234858133216
2025-05-08,58.6541322613238
2025-05-09,59.19627287245775
2025-05-13,61.44547971798268
2025-05-14,61.67515661492533
2025-05-15,60.293083990319964
2025-05-16,60.17355137177485
2025-05-20,60.621140493139414
2025-05-21,60.49238460380151
2025-05-22,59.85300707802702
2025-05-23,60.10266825880181
2025-05-27,60.01106426036989
2025-05-28,60.53979645854369
2025-05-29,60.0232311963365
2025-05-30,59.33656388308244
